{
  "session_id": 858947,
  "groups_count": 10,
  "measurements_per_group": 100,
  "total_measurements": 1000,
  "timestamp": 25065,
  "device": "Arduino Mega",
  "avg_response_us": [
    19.56,
    18.68,
    18.24,
    19.32,
    21.32,
    20.32,
    19.08,
    20.92,
    25.52,
    18.64
  ],
  "rms_response_us": [
    11.08361,
    6.275157,
    6.074733,
    8.691237,
    24.47565,
    11.00807,
    7.016665,
    30.99856,
    39.1174,
    6.553654
  ],
  "avg_period_us": [
    1021.28,
    1017.08,
    1017,
    1017,
    1017.04,
    1017.08,
    1057.76,
    1343.16,
    1088.48,
    1017.08
  ],
  "rms_period_us": [
    148.491,
    145.6954,
    145.6422,
    145.99,
    149.6841,
    146.3692,
    250.5031,
    540.7672,
    394.1913,
    145.7042
  ],
  "statistics": {
    "response_time": {
      "overall_avg_us": 20.16,
      "overall_rms_us": 15.12947
    },
    "period": {
      "overall_avg_us": 1061.296,
      "overall_rms_us": 221.3038
    }
  },
  "parameters": {
    "delay_between_pulses_us": 1000,
    "groups": 10,
    "measurements_per_group": 100,
    "skip_first_per_group": 2
  }
}