{
  "session_id": 825333,
  "groups_count": 10,
  "measurements_per_group": 100,
  "total_measurements": 1000,
  "timestamp": 114129,
  "device": "Arduino Mega",
  "avg_response_us": [
    13.6,
    13.4,
    13.6,
    13.52,
    13.52,
    13.36,
    13.56,
    13.48,
    13.36,
    13.4
  ],
  "rms_response_us": [
    2.771281,
    2.734959,
    2.828427,
    2.872211,
    2.872211,
    2.725877,
    2.878611,
    2.808843,
    2.725877,
    2.792848
  ],
  "avg_period_us": [
    2030.8,
    2028.8,
    2028.8,
    2028.88,
    2028.8,
    2028.84,
    2028.8,
    2028.88,
    2028.8,
    2028.8
  ],
  "rms_period_us": [
    290.8159,
    289.8364,
    289.8364,
    289.8483,
    289.8375,
    289.842,
    289.8364,
    289.8494,
    289.8364,
    289.8375
  ],
  "statistics": {
    "response_time": {
      "overall_avg_us": 13.48,
      "overall_rms_us": 2.801114
    },
    "period": {
      "overall_avg_us": 2029.02,
      "overall_rms_us": 289.9376
    }
  },
  "parameters": {
    "delay_between_pulses_us": 1000,
    "groups": 10,
    "measurements_per_group": 100,
    "skip_first_per_group": 2
  }
}